<?xml version="1.0" encoding="utf-8"?>
<odoo>
    <data noupdate="1">
        <record id="sale_loyalty_product_discount" model="product.product">
            <field name="name">Loyalty Discount</field>
            <field name="categ_id" ref="product.product_category_all" />
            <field name="type">service</field>
            <field name="taxes_id" eval="False" />
            <field name="supplier_taxes_id" eval="False" />
            <field name="uom_id" ref="uom.product_uom_unit" />
            <field name="uom_po_id" ref="uom.product_uom_unit" />
            <field name="list_price">0.00</field>
        </record>
        <record id="sale_loyalty_product_redeem" model="product.product">
            <field name="name">Loyalty Points</field>
            <field name="categ_id" ref="product.product_category_all" />
            <field name="type">service</field>
            <field name="taxes_id" eval="False" />
            <field name="supplier_taxes_id" eval="False" />
            <field name="uom_id" ref="uom.product_uom_unit" />
            <field name="uom_po_id" ref="uom.product_uom_unit" />
            <field name="list_price">1.00</field>
        </record>
    </data>
</odoo>