id,name,model_id:id,group_id:id,perm_read,perm_write,perm_create,perm_unlink
access_sale_loyalty_program_user,access_sale_loyalty_program_user,model_sale_loyalty_program,base.group_user,1,0,0,0
access_sale_loyalty_program_manager,access_sale_loyalty_program_manager,model_sale_loyalty_program,sales_team.group_sale_manager,1,1,1,1
access_sale_loyalty_rule_user,access_sale_loyalty_rule_user,model_sale_loyalty_rule,base.group_user,1,0,0,0
access_sale_loyalty_rule_manager,access_sale_loyalty_rule_manager,model_sale_loyalty_rule,sales_team.group_sale_manager,1,1,1,1
access_sale_loyalty_reward_user,access_sale_loyalty_reward_user,model_sale_loyalty_reward,base.group_user,1,0,0,0
access_sale_loyalty_reward_manager,access_sale_loyalty_reward_manager,model_sale_loyalty_reward,sales_team.group_sale_manager,1,1,1,1
access_sale_loyalty_points_history_user,access_sale_loyalty_points_history_user,model_sale_loyalty_points_history,base.group_user,1,0,0,0
access_sale_loyalty_points_history_portal,access_sale_loyalty_points_history_portal,model_sale_loyalty_points_history,base.group_portal,1,0,0,0
access_sale_loyalty_points_history_manager,access_sale_loyalty_points_history_manager,model_sale_loyalty_points_history,sales_team.group_sale_manager,1,1,1,1
access_point_selection_wizard_manager,access_point_selection_wizard_manager,model_point_selection_wizard,sales_team.group_sale_manager,1,1,1,1
access_point_selection_wizard_salesman,access_point_selection_wizard_salesman,model_point_selection_wizard,sales_team.group_sale_salesman,1,1,1,1
access_point_selection_wizard_user,access_point_selection_wizard_user,model_point_selection_wizard,base.group_user,1,0,0,0