<?xml version="1.0" encoding="utf-8"?>
<odoo>
    <data noupdate="1">
        <!-- Multi - Company Rules -->
        <record id="sale_loyalty_comp_rule" model="ir.rule">
            <field name="name">Sales Loyalty multi-company</field>
            <field name="model_id" ref="model_sale_loyalty_program" />
            <field name="global" eval="True" />
            <field name="domain_force">['|', ('company_id', '=', False), ('company_id', 'in', company_ids)]</field>
        </record>
        <record id="sale_loyalty_rule_comp_rule" model="ir.rule">
            <field name="name">Sales Loyalty Rule multi-company</field>
            <field name="model_id" ref="model_sale_loyalty_rule" />
            <field name="global" eval="True" />
            <field name="domain_force">['|', ('company_id', '=', False), ('company_id', 'in', company_ids)]</field>
        </record>
        <record id="sale_loyalty_reward_comp_rule" model="ir.rule">
            <field name="name">Sales Loyalty Reward multi-company</field>
            <field name="model_id" ref="model_sale_loyalty_reward" />
            <field name="global" eval="True" />
            <field name="domain_force">['|', ('company_id', '=', False), ('company_id', 'in', company_ids)]</field>
        </record>
        <record id="sale_loyalty_points_history_comp_rule" model="ir.rule">
            <field name="name">Sales Loyalty Points History multi-company</field>
            <field name="model_id" ref="model_sale_loyalty_points_history" />
            <field name="domain_force">['|', ('company_id', '=', False), ('company_id', 'in', company_ids)]</field>
        </record>
    </data>
</odoo>